Date Time, Prediction, Type
2025-01-01 06:49,12.881,H
2025-01-01 11:08,10.968,L
2025-01-01 15:13,11.556,H
2025-01-01 22:58,1.106,L
2025-01-02 07:18,12.886,H
2025-01-02 11:58,10.471,L
2025-01-02 16:12,11.161,H
2025-01-02 23:39,1.537,L
2025-01-03 07:47,12.889,H
2025-01-03 12:54,9.728,L
2025-01-03 17:19,10.560,H
2025-01-04 00:21,2.369,L
2025-01-04 08:15,12.894,H
2025-01-04 13:55,8.710,L
2025-01-04 18:35,9.821,H
2025-01-05 01:03,3.601,L
2025-01-05 08:44,12.898,H
2025-01-05 14:56,7.444,L
2025-01-05 20:03,9.122,H
2025-01-06 01:46,5.159,L
2025-01-06 09:12,12.894,H
2025-01-06 15:54,6.028,L
2025-01-06 21:50,8.764,H
2025-01-07 02:33,6.890,L
2025-01-07 09:41,12.873,H
2025-01-07 16:48,4.607,L
2025-01-08 00:19,9.219,H
2025-01-08 03:30,8.591,L
2025-01-08 10:11,12.825,H
2025-01-08 17:40,3.323,L
2025-01-09 02:14,10.434,H
2025-01-09 04:44,10.018,L
2025-01-09 10:44,12.738,H
2025-01-09 18:29,2.290,L
2025-01-10 03:18,11.599,H
2025-01-10 06:08,10.948,L
2025-01-10 11:22,12.604,H
2025-01-10 19:17,1.564,L
2025-01-11 04:05,12.431,H
2025-01-11 07:27,11.337,L
2025-01-11 12:08,12.424,H
2025-01-11 20:04,1.155,L
2025-01-12 04:46,12.906,H
2025-01-12 08:36,11.313,L
2025-01-12 13:02,12.206,H
2025-01-12 20:49,1.036,L
2025-01-13 05:24,13.089,H
2025-01-13 09:34,11.032,L
2025-01-13 13:59,11.949,H
2025-01-13 21:33,1.172,L
2025-01-14 06:00,13.075,H
2025-01-14 10:26,10.603,L
2025-01-14 14:55,11.626,H
2025-01-14 22:15,1.534,L
2025-01-15 06:33,12.957,H
2025-01-15 11:16,10.074,L
2025-01-15 15:49,11.202,H
2025-01-15 22:55,2.116,L
2025-01-16 07:03,12.802,H
2025-01-16 12:07,9.458,L
2025-01-16 16:43,10.671,H
2025-01-16 23:34,2.919,L
2025-01-17 07:29,12.647,H
2025-01-17 13:00,8.753,L
2025-01-17 17:39,10.061,H
2025-01-18 00:11,3.940,L
2025-01-18 07:52,12.505,H
2025-01-18 13:52,7.966,L
2025-01-18 18:41,9.441,H
2025-01-19 00:47,5.154,L
2025-01-19 08:13,12.373,H
2025-01-19 14:43,7.127,L
2025-01-19 19:53,8.917,H
2025-01-20 01:21,6.498,L
2025-01-20 08:33,12.239,H
2025-01-20 15:31,6.283,L
2025-01-20 21:33,8.657,H
2025-01-21 01:55,7.880,L
2025-01-21 08:55,12.090,H
2025-01-21 16:18,5.477,L
2025-01-22 09:18,11.926,H
2025-01-22 17:03,4.734,L
2025-01-23 09:43,11.768,H
2025-01-23 17:48,4.050,L
2025-01-24 03:33,11.220,H
2025-01-24 05:41,11.061,L
2025-01-24 10:12,11.644,H
2025-01-24 18:32,3.405,L
2025-01-25 04:02,11.851,H
2025-01-25 07:21,11.347,L
2025-01-25 10:49,11.579,H
2025-01-25 19:15,2.786,L
2025-01-26 04:29,12.241,H
2025-01-26 08:23,11.367,L
2025-01-26 11:43,11.582,H
2025-01-26 19:58,2.202,L
2025-01-27 04:55,12.447,H
2025-01-27 08:53,11.228,L
2025-01-27 12:44,11.646,H
2025-01-27 20:39,1.705,L
2025-01-28 05:18,12.539,H
2025-01-28 09:23,10.919,L
2025-01-28 13:45,11.709,H
2025-01-28 21:20,1.390,L
2025-01-29 05:40,12.586,H
2025-01-29 09:58,10.415,L
2025-01-29 14:43,11.679,H
2025-01-29 22:00,1.366,L
2025-01-30 06:02,12.633,H
2025-01-30 10:39,9.701,L
2025-01-30 15:42,11.482,H
2025-01-30 22:39,1.734,L
2025-01-31 06:26,12.699,H
2025-01-31 11:25,8.777,L
2025-01-31 16:45,11.100,H
2025-01-31 23:19,2.543,L
2025-02-01 06:51,12.774,H
2025-02-01 12:16,7.678,L
2025-02-01 17:51,10.581,H
2025-02-01 23:59,3.767,L
2025-02-02 07:16,12.837,H
2025-02-02 13:09,6.486,L
2025-02-02 19:04,10.032,H
2025-02-03 00:39,5.301,L
2025-02-03 07:43,12.856,H
2025-02-03 14:04,5.315,L
2025-02-03 20:30,9.616,H
2025-02-04 01:21,6.982,L
2025-02-04 08:12,12.807,H
2025-02-04 15:02,4.279,L
2025-02-04 22:24,9.594,H
2025-02-05 02:08,8.617,L
2025-02-05 08:42,12.669,H
2025-02-05 16:02,3.452,L
2025-02-06 00:48,10.309,H
2025-02-06 03:13,10.008,L
2025-02-06 09:15,12.442,H
2025-02-06 17:03,2.853,L
2025-02-07 02:15,11.303,H
2025-02-07 04:47,10.926,L
2025-02-07 09:56,12.142,H
2025-02-07 18:04,2.452,L
2025-02-08 03:06,12.045,H
2025-02-08 06:34,11.193,L
2025-02-08 10:53,11.814,H
2025-02-08 19:02,2.215,L
2025-02-09 03:47,12.472,H
2025-02-09 08:04,10.950,L
2025-02-09 12:05,11.543,H
2025-02-09 19:55,2.127,L
2025-02-10 04:22,12.640,H
2025-02-10 09:00,10.478,L
2025-02-10 13:17,11.368,H
2025-02-10 20:41,2.198,L
2025-02-11 04:55,12.632,H
2025-02-11 09:39,9.903,L
2025-02-11 14:19,11.226,H
2025-02-11 21:22,2.444,L
2025-02-12 05:23,12.530,H
2025-02-12 10:14,9.261,L
2025-02-12 15:15,11.041,H
2025-02-12 21:59,2.888,L
2025-02-13 05:47,12.397,H
2025-02-13 10:50,8.562,L
2025-02-13 16:07,10.783,H
2025-02-13 22:34,3.543,L
2025-02-14 06:07,12.274,H
2025-02-14 11:28,7.823,L
2025-02-14 16:58,10.471,H
2025-02-14 23:08,4.406,L
2025-02-15 06:25,12.179,H
2025-02-15 12:06,7.068,L
2025-02-15 17:52,10.148,H
2025-02-15 23:42,5.450,L
2025-02-16 06:42,12.099,H
2025-02-16 12:45,6.341,L
2025-02-16 18:50,9.861,H
2025-02-17 00:16,6.614,L
2025-02-17 07:01,12.000,H
2025-02-17 13:26,5.690,L
2025-02-17 19:55,9.654,H
2025-02-18 00:50,7.813,L
2025-02-18 07:22,11.852,H
2025-02-18 14:09,5.152,L
2025-02-18 21:22,9.589,H
2025-02-19 01:24,8.954,L
2025-02-19 07:45,11.658,H
2025-02-19 14:56,4.732,L
2025-02-20 08:07,11.445,H
2025-02-20 15:48,4.384,L
2025-02-21 08:30,11.256,H
2025-02-21 16:46,4.029,L
2025-02-22 02:56,11.347,H
2025-02-22 06:10,11.067,L
2025-02-22 08:54,11.113,H
2025-02-22 17:45,3.598,L
2025-02-23 03:23,11.722,H
2025-02-23 18:40,3.093,L
2025-02-24 03:47,11.926,H
2025-02-24 08:09,10.756,L
2025-02-24 11:34,11.037,H
2025-02-24 19:30,2.606,L
2025-02-25 04:07,12.021,H
2025-02-25 08:25,10.303,L
2025-02-25 12:50,11.169,H
2025-02-25 20:15,2.274,L
2025-02-26 04:24,12.078,H
2025-02-26 08:54,9.589,L
2025-02-26 13:58,11.314,H
2025-02-26 20:56,2.236,L
2025-02-27 04:42,12.153,H
2025-02-27 09:30,8.623,L
2025-02-27 15:01,11.383,H
2025-02-27 21:36,2.594,L
2025-02-28 05:02,12.267,H
2025-02-28 10:11,7.456,L
2025-02-28 16:04,11.337,H
2025-02-28 22:16,3.377,L
2025-03-01 05:25,12.404,H
2025-03-01 10:55,6.191,L
2025-03-01 17:08,11.187,H
2025-03-01 22:56,4.534,L
2025-03-02 05:49,12.528,H
2025-03-02 11:41,4.967,L
2025-03-02 18:15,10.978,H
2025-03-02 23:37,5.938,L
2025-03-03 06:16,12.589,H
2025-03-03 12:30,3.937,L
2025-03-03 19:28,10.768,H
2025-03-04 00:21,7.420,L
2025-03-04 06:44,12.543,H
2025-03-04 13:22,3.221,L
2025-03-04 20:53,10.645,H
2025-03-05 01:09,8.806,L
2025-03-05 07:15,12.360,H
2025-03-05 14:18,2.864,L
2025-03-05 22:42,10.773,H
2025-03-06 02:09,9.942,L
2025-03-06 07:49,12.034,H
2025-03-06 15:20,2.813,L
2025-03-07 00:31,11.243,H
2025-03-07 03:38,10.665,L
2025-03-07 08:30,11.587,H
2025-03-07 16:29,2.933,L
2025-03-08 01:41,11.738,H
2025-03-08 05:55,10.749,L
2025-03-08 09:31,11.082,H
2025-03-08 17:40,3.079,L
2025-03-09 03:30,12.051,H
2025-03-09 08:46,10.259,L
2025-03-09 11:58,10.664,H
2025-03-09 19:46,3.207,L
2025-03-10 04:09,12.178,H
2025-03-10 09:32,9.613,L
2025-03-10 13:30,10.480,H
2025-03-10 20:41,3.378,L
2025-03-11 04:41,12.165,H
2025-03-11 10:02,8.916,L
2025-03-11 14:45,10.475,H
2025-03-11 21:25,3.668,L
2025-03-12 05:09,12.064,H
2025-03-12 10:27,8.173,L
2025-03-12 15:46,10.512,H
2025-03-12 22:03,4.120,L
2025-03-13 05:30,11.927,H
2025-03-13 10:52,7.388,L
2025-03-13 16:39,10.532,H
2025-03-13 22:37,4.741,L
2025-03-14 05:46,11.805,H
2025-03-14 11:19,6.580,L
2025-03-14 17:29,10.541,H
2025-03-14 23:10,5.514,L
2025-03-15 06:00,11.725,H
2025-03-15 11:48,5.791,L
2025-03-15 18:18,10.560,H
2025-03-15 23:43,6.401,L
2025-03-16 06:15,11.673,H
2025-03-16 12:19,5.077,L
2025-03-16 19:08,10.594,H
2025-03-17 00:18,7.346,L
2025-03-17 06:32,11.600,H
2025-03-17 12:53,4.497,L
2025-03-17 20:01,10.629,H
2025-03-18 00:55,8.282,L
2025-03-18 06:53,11.468,H
2025-03-18 13:29,4.093,L
2025-03-18 21:00,10.640,H
2025-03-19 01:35,9.147,L
2025-03-19 07:15,11.275,H
2025-03-19 14:09,3.873,L
2025-03-19 22:14,10.635,H
2025-03-20 02:21,9.888,L
2025-03-20 07:36,11.053,H
2025-03-20 14:55,3.804,L
2025-03-21 00:13,10.735,H
2025-03-21 03:28,10.456,L
2025-03-21 07:48,10.843,H
2025-03-21 15:48,3.805,L
2025-03-22 01:59,11.052,H
2025-03-22 16:51,3.770,L
2025-03-23 02:49,11.331,H
2025-03-23 17:57,3.627,L
2025-03-24 03:19,11.498,H
2025-03-24 18:59,3.421,L
2025-03-25 03:40,11.583,H
2025-03-25 08:38,9.622,L
2025-03-25 12:36,10.234,H
2025-03-25 19:53,3.301,L
2025-03-26 03:57,11.646,H
2025-03-26 08:57,8.721,L
2025-03-26 14:00,10.431,H
2025-03-26 20:41,3.425,L
2025-03-27 04:14,11.741,H
2025-03-27 09:28,7.516,L
2025-03-27 15:13,10.733,H
2025-03-27 21:25,3.888,L
2025-03-28 04:33,11.888,H
2025-03-28 10:04,6.106,L
2025-03-28 16:21,11.062,H
2025-03-28 22:08,4.700,L
2025-03-29 04:55,12.069,H
2025-03-29 10:43,4.645,L
2025-03-29 17:26,11.361,H
2025-03-29 22:50,5.787,L
2025-03-30 05:19,12.238,H
2025-03-30 11:25,3.323,L
2025-03-30 18:31,11.593,H
2025-03-30 23:34,7.015,L
2025-03-31 05:46,12.335,H
2025-03-31 12:10,2.320,L
2025-03-31 19:37,11.728,H
2025-04-01 00:21,8.224,L
2025-04-01 06:15,12.301,H
2025-04-01 12:57,1.758,L
2025-04-01 20:47,11.760,H
2025-04-02 01:12,9.272,L
2025-04-02 06:47,12.100,H
2025-04-02 13:48,1.672,L
2025-04-02 22:05,11.729,H
2025-04-03 02:13,10.050,L
2025-04-03 07:23,11.718,H
2025-04-03 14:43,1.996,L
2025-04-03 23:31,11.729,H
2025-04-04 03:37,10.459,L
2025-04-04 08:06,11.174,H
2025-04-04 15:45,2.578,L
2025-04-05 00:51,11.805,H
2025-04-05 06:12,10.305,L
2025-04-05 09:04,10.521,H
2025-04-05 16:55,3.226,L
2025-04-06 01:53,11.887,H
2025-04-06 07:54,9.617,L
2025-04-06 10:31,9.887,H
2025-04-06 18:08,3.800,L
2025-04-07 02:40,11.910,H
2025-04-07 08:42,8.800,L
2025-04-07 12:18,9.509,H
2025-04-07 19:15,4.298,L
2025-04-08 03:16,11.861,H
2025-04-08 09:15,7.949,L
2025-04-08 14:00,9.517,H
2025-04-08 20:10,4.813,L
2025-04-09 03:45,11.750,H
2025-04-09 09:40,7.088,L
2025-04-09 15:16,9.755,H
2025-04-09 20:55,5.418,L
2025-04-10 04:06,11.605,H
2025-04-10 10:01,6.221,L
2025-04-10 16:16,10.066,H
2025-04-10 21:33,6.123,L
2025-04-11 04:21,11.475,H
2025-04-11 10:21,5.359,L
2025-04-11 17:08,10.398,H
2025-04-11 22:09,6.896,L
2025-04-12 04:33,11.396,H
2025-04-12 10:44,4.539,L
2025-04-12 17:56,10.734,H
2025-04-12 22:44,7.688,L
2025-04-13 04:46,11.355,H
2025-04-13 11:10,3.817,L
2025-04-13 18:42,11.051,H
2025-04-13 23:22,8.447,L
2025-04-14 05:02,11.299,H
2025-04-14 11:39,3.251,L
2025-04-14 19:27,11.310,H
2025-04-15 00:02,9.126,L
2025-04-15 05:23,11.187,H
2025-04-15 12:11,2.880,L
2025-04-15 20:14,11.473,H
2025-04-16 00:46,9.697,L
2025-04-16 05:44,11.016,H
2025-04-16 12:47,2.710,L
2025-04-16 21:05,11.520,H
2025-04-17 01:36,10.143,L
2025-04-17 06:01,10.812,H
2025-04-17 13:27,2.717,L
2025-04-17 22:05,11.479,H
2025-04-18 02:39,10.448,L
2025-04-18 05:49,10.620,H
2025-04-18 14:13,2.852,L
2025-04-18 23:17,11.426,H
2025-04-19 15:06,3.061,L
2025-04-20 00:28,11.429,H
2025-04-20 16:06,3.300,L
2025-04-21 01:18,11.463,H
2025-04-21 17:09,3.563,L
2025-04-22 01:50,11.496,H
2025-04-22 08:04,9.056,L
2025-04-22 11:00,9.308,H
2025-04-22 18:11,3.909,L
2025-04-23 02:14,11.541,H
2025-04-23 08:02,8.019,L
2025-04-23 12:46,9.312,H
2025-04-23 19:07,4.426,L
2025-04-24 02:35,11.633,H
2025-04-24 08:27,6.641,L
2025-04-24 14:18,9.688,H
2025-04-24 19:59,5.170,L
2025-04-25 02:57,11.784,H
2025-04-25 09:00,5.055,L
2025-04-25 15:37,10.324,H
2025-04-25 20:49,6.123,L
2025-04-26 03:20,11.977,H
2025-04-26 09:37,3.447,L
2025-04-26 16:47,11.049,H
2025-04-26 21:37,7.197,L
2025-04-27 03:46,12.164,H
2025-04-27 10:17,2.031,L
2025-04-27 17:50,11.713,H
2025-04-27 22:25,8.266,L
2025-04-28 04:14,12.278,H
2025-04-28 10:59,0.995,L
2025-04-28 18:52,12.206,H
2025-04-28 23:16,9.202,L
2025-04-29 04:44,12.257,H
2025-04-29 11:44,0.457,L
2025-04-29 19:52,12.473,H
2025-04-30 00:10,9.911,L
2025-04-30 05:18,12.054,H
2025-04-30 12:31,0.440,L
2025-04-30 20:54,12.521,H
2025-05-01 01:12,10.335,L
2025-05-01 05:57,11.652,H
2025-05-01 13:21,0.875,L
2025-05-01 21:58,12.417,H
2025-05-02 02:31,10.436,L
2025-05-02 06:43,11.063,H
2025-05-02 14:16,1.633,L
2025-05-02 23:03,12.253,H
2025-05-03 04:45,10.111,L
2025-05-03 07:40,10.326,H
2025-05-03 15:15,2.566,L
2025-05-04 00:03,12.096,H
2025-05-04 06:36,9.319,L
2025-05-04 08:56,9.526,H
2025-05-04 16:18,3.546,L
2025-05-05 00:55,11.959,H
2025-05-05 07:32,8.366,L
2025-05-05 10:34,8.838,H
2025-05-05 17:23,4.504,L
2025-05-06 01:36,11.824,H
2025-05-06 08:12,7.362,L
2025-05-06 12:37,8.560,H
2025-05-06 18:26,5.433,L
2025-05-07 02:08,11.673,H
2025-05-07 08:42,6.362,L
2025-05-07 14:28,8.861,H
2025-05-07 19:21,6.351,L
2025-05-08 02:31,11.513,H
2025-05-08 09:05,5.398,L
2025-05-08 15:44,9.459,H
2025-05-08 20:11,7.257,L
2025-05-09 02:47,11.380,H
2025-05-09 09:25,4.488,L
2025-05-09 16:44,10.128,H
2025-05-09 20:57,8.117,L
2025-05-10 02:59,11.302,H
2025-05-10 09:46,3.655,L
2025-05-10 17:34,10.761,H
2025-05-10 21:41,8.884,L
2025-05-11 03:13,11.263,H
2025-05-11 10:09,2.935,L
2025-05-11 18:18,11.296,H
2025-05-11 22:25,9.517,L
2025-05-12 03:31,11.220,H
2025-05-12 10:36,2.369,L
2025-05-12 18:59,11.698,H
2025-05-12 23:09,9.997,L
2025-05-13 03:51,11.136,H
2025-05-13 11:06,1.981,L
2025-05-13 19:38,11.951,H
2025-05-13 23:56,10.330,L
2025-05-14 04:11,11.007,H
2025-05-14 11:41,1.772,L
2025-05-14 20:19,12.064,H
2025-05-15 00:46,10.534,L
2025-05-15 04:25,10.845,H
2025-05-15 12:19,1.722,L
2025-05-15 21:02,12.068,H
2025-05-16 01:45,10.619,L
2025-05-16 03:47,10.691,H
2025-05-16 13:00,1.812,L
2025-05-16 21:48,12.009,H
2025-05-17 13:46,2.036,L
2025-05-17 22:34,11.932,H
2025-05-18 14:35,2.416,L
2025-05-18 23:17,11.867,H
2025-05-19 15:28,2.988,L
2025-05-19 23:53,11.825,H
2025-05-20 07:10,8.738,L
2025-05-20 09:17,8.834,H
2025-05-20 16:23,3.783,L
2025-05-21 00:23,11.818,H
2025-05-21 06:58,7.592,L
2025-05-21 11:13,8.478,H
2025-05-21 17:20,4.795,L
2025-05-22 00:51,11.862,H
2025-05-22 07:22,6.123,L
2025-05-22 13:07,8.654,H
2025-05-22 18:19,5.968,L
2025-05-23 01:17,11.966,H
2025-05-23 07:56,4.476,L
2025-05-23 14:51,9.417,H
2025-05-23 19:16,7.198,L
2025-05-24 01:43,12.116,H
2025-05-24 08:33,2.836,L
2025-05-24 16:10,10.454,H
2025-05-24 20:13,8.361,L
2025-05-25 02:11,12.271,H
2025-05-25 09:12,1.406,L
2025-05-25 17:14,11.440,H
2025-05-25 21:10,9.341,L
2025-05-26 02:41,12.371,H
2025-05-26 09:54,0.357,L
2025-05-26 18:10,12.194,H
2025-05-26 22:06,10.059,L
2025-05-27 03:15,12.351,H
2025-05-27 10:38,-0.213,L
2025-05-27 19:03,12.647,H
2025-05-27 23:03,10.482,L
2025-05-28 03:53,12.164,H
2025-05-28 11:23,-0.290,L
2025-05-28 19:55,12.814,H
2025-05-29 00:04,10.618,L
2025-05-29 04:37,11.786,H
2025-05-29 12:11,0.065,L
2025-05-29 20:46,12.768,H
2025-05-30 01:13,10.488,L
2025-05-30 05:28,11.219,H
2025-05-30 13:01,0.757,L
2025-05-30 21:36,12.603,H
2025-05-31 02:43,10.080,L
2025-05-31 06:26,10.490,H
2025-05-31 13:52,1.687,L
2025-05-31 22:24,12.395,H
2025-06-01 04:40,9.337,L
2025-06-01 07:33,9.649,H
2025-06-01 14:44,2.783,L
2025-06-01 23:08,12.185,H
2025-06-02 05:54,8.359,L
2025-06-02 08:52,8.797,H
2025-06-02 15:36,3.996,L
2025-06-02 23:46,11.983,H
2025-06-03 06:45,7.287,L
2025-06-03 10:32,8.132,H
2025-06-03 16:30,5.279,L
2025-06-04 00:17,11.787,H
2025-06-04 07:24,6.201,L
2025-06-04 12:56,8.053,H
2025-06-04 17:26,6.571,L
2025-06-05 00:41,11.605,H
2025-06-05 07:54,5.164,L
2025-06-05 14:53,8.754,H
2025-06-05 18:24,7.787,L
2025-06-06 01:00,11.459,H
2025-06-06 08:20,4.213,L
2025-06-06 16:07,9.705,H
2025-06-06 19:25,8.838,L
2025-06-07 01:18,11.361,H
2025-06-07 08:44,3.374,L
2025-06-07 17:02,10.595,H
2025-06-07 20:25,9.658,L
2025-06-08 01:37,11.299,H
2025-06-08 09:09,2.664,L
2025-06-08 17:46,11.302,H
2025-06-08 21:22,10.227,L
2025-06-09 01:59,11.248,H
2025-06-09 09:37,2.092,L
2025-06-09 18:24,11.791,H
2025-06-09 22:15,10.572,L
2025-06-10 02:23,11.190,H
2025-06-10 10:08,1.660,L
2025-06-10 19:00,12.079,H
2025-06-10 23:03,10.743,L
2025-06-11 02:48,11.113,H
2025-06-11 10:42,1.360,L
2025-06-11 19:34,12.214,H
2025-06-11 23:48,10.787,L
2025-06-12 03:12,11.008,H
2025-06-12 11:20,1.185,L
2025-06-12 20:08,12.253,H
2025-06-13 00:34,10.726,L
2025-06-13 03:27,10.856,H
2025-06-13 12:00,1.144,L
2025-06-13 20:41,12.244,H
2025-06-14 01:26,10.541,L
2025-06-14 03:35,10.615,H
2025-06-14 12:41,1.277,L
2025-06-14 21:15,12.219,H
2025-06-15 13:24,1.649,L
2025-06-15 21:46,12.192,H
2025-06-16 03:38,9.541,L
2025-06-16 06:27,9.600,H
2025-06-16 14:08,2.324,L
2025-06-16 22:17,12.169,H
2025-06-17 04:33,8.598,L
2025-06-17 08:07,8.914,H
2025-06-17 14:53,3.337,L
2025-06-17 22:45,12.157,H
2025-06-18 05:17,7.359,L
2025-06-18 09:45,8.331,H
2025-06-18 15:41,4.655,L
2025-06-18 23:13,12.166,H
2025-06-19 05:59,5.889,L
2025-06-19 11:37,8.157,H
2025-06-19 16:33,6.168,L
2025-06-19 23:40,12.206,H
2025-06-20 06:41,4.312,L
2025-06-20 13:50,8.740,H
2025-06-20 17:34,7.694,L
2025-06-21 00:09,12.271,H
2025-06-21 07:23,2.790,L
2025-06-21 15:31,9.895,H
2025-06-21 18:40,9.022,L
2025-06-22 00:39,12.340,H
2025-06-22 08:07,1.481,L
2025-06-22 16:37,11.034,H
2025-06-22 19:49,9.993,L
2025-06-23 01:13,12.373,H
2025-06-23 08:51,0.508,L
2025-06-23 17:29,11.896,H
2025-06-23 20:54,10.558,L
2025-06-24 01:53,12.324,H
2025-06-24 09:36,-0.064,L
2025-06-24 18:15,12.421,H
2025-06-24 21:56,10.756,L
2025-06-25 02:39,12.159,H
2025-06-25 10:22,-0.233,L
2025-06-25 18:59,12.648,H
2025-06-25 22:55,10.665,L
2025-06-26 03:31,11.855,H
2025-06-26 11:09,-0.036,L
2025-06-26 19:41,12.663,H
2025-06-26 23:56,10.359,L
2025-06-27 04:27,11.399,H
2025-06-27 11:56,0.471,L
2025-06-27 20:21,12.559,H
2025-06-28 01:01,9.876,L
2025-06-28 05:26,10.791,H
2025-06-28 12:42,1.242,L
2025-06-28 20:59,12.404,H
2025-06-29 02:14,9.221,L
2025-06-29 06:27,10.053,H
2025-06-29 13:26,2.247,L
2025-06-29 21:33,12.234,H
2025-06-30 03:30,8.389,L
2025-06-30 07:34,9.248,H
2025-06-30 14:10,3.454,L
2025-06-30 22:03,12.056,H
2025-07-01 04:36,7.423,L
2025-07-01 08:50,8.496,H
2025-07-01 14:53,4.820,L
2025-07-01 22:29,11.874,H
2025-07-02 05:29,6.406,L
2025-07-02 10:28,8.002,H
2025-07-02 15:37,6.267,L
2025-07-02 22:52,11.694,H
2025-07-03 06:13,5.414,L
2025-07-03 13:14,8.217,H
2025-07-03 16:27,7.690,L
2025-07-03 23:13,11.527,H
2025-07-04 06:50,4.505,L
2025-07-04 15:12,9.211,H
2025-07-04 17:30,8.951,L
2025-07-04 23:36,11.379,H
2025-07-05 07:25,3.708,L
2025-07-05 16:17,10.243,H
2025-07-05 18:49,9.899,L
2025-07-06 00:00,11.255,H
2025-07-06 07:59,3.031,L
2025-07-06 17:01,11.053,H
2025-07-06 20:10,10.465,L
2025-07-07 00:29,11.162,H
2025-07-07 08:33,2.462,L
2025-07-07 17:38,11.595,H
2025-07-07 21:20,10.717,L
2025-07-08 01:03,11.102,H
2025-07-08 09:09,1.981,L
2025-07-08 18:11,11.899,H
2025-07-08 22:11,10.778,L
2025-07-09 01:43,11.072,H
2025-07-09 09:46,1.575,L
2025-07-09 18:41,12.036,H
2025-07-09 22:47,10.716,L
2025-07-10 02:29,11.049,H
2025-07-10 10:24,1.257,L
2025-07-10 19:08,12.080,H
2025-07-10 23:19,10.540,L
2025-07-11 03:18,10.986,H
2025-07-11 11:03,1.073,L
2025-07-11 19:34,12.095,H
2025-07-11 23:57,10.229,L
2025-07-12 04:09,10.822,H
2025-07-12 11:42,1.100,L
2025-07-12 20:00,12.115,H
2025-07-13 00:40,9.740,L
2025-07-13 05:05,10.506,H
2025-07-13 12:22,1.426,L
2025-07-13 20:25,12.149,H
2025-07-14 01:30,9.029,L
2025-07-14 06:08,10.026,H
2025-07-14 13:01,2.122,L
2025-07-14 20:50,12.189,H
2025-07-15 02:23,8.070,L
2025-07-15 07:18,9.434,H
2025-07-15 13:41,3.203,L
2025-07-15 21:16,12.223,H
2025-07-16 03:18,6.890,L
2025-07-16 08:37,8.858,H
2025-07-16 14:22,4.612,L
2025-07-16 21:43,12.243,H
2025-07-17 04:13,5.574,L
2025-07-17 10:11,8.501,H
2025-07-17 15:06,6.217,L
2025-07-17 22:10,12.247,H
2025-07-18 05:07,4.240,L
2025-07-18 12:16,8.678,H
2025-07-18 15:58,7.834,L
2025-07-18 22:40,12.231,H
2025-07-19 06:00,3.013,L
2025-07-19 14:32,9.626,H
2025-07-19 17:05,9.244,L
2025-07-19 23:12,12.186,H
2025-07-20 06:53,1.992,L
2025-07-20 15:48,10.727,H
2025-07-20 18:27,10.221,L
2025-07-20 23:50,12.102,H
2025-07-21 07:45,1.233,L
2025-07-21 16:39,11.554,H
2025-07-21 19:47,10.666,L
2025-07-22 00:39,11.974,H
2025-07-22 08:36,0.757,L
2025-07-22 17:21,12.050,H
2025-07-22 20:57,10.667,L
2025-07-23 01:37,11.809,H
2025-07-23 09:25,0.561,L
2025-07-23 17:59,12.268,H
2025-07-23 21:56,10.374,L
2025-07-24 02:40,11.606,H
2025-07-24 10:12,0.635,L
2025-07-24 18:35,12.296,H
2025-07-24 22:50,9.902,L
2025-07-25 03:41,11.329,H
2025-07-25 10:57,0.972,L
2025-07-25 19:08,12.222,H
2025-07-25 23:41,9.312,L
2025-07-26 04:39,10.938,H
2025-07-26 11:39,1.569,L
2025-07-26 19:39,12.108,H
2025-07-27 00:33,8.634,L
2025-07-27 05:36,10.427,H
2025-07-27 12:19,2.419,L
2025-07-27 20:06,11.985,H
2025-07-28 01:26,7.883,L
2025-07-28 06:35,9.841,H
2025-07-28 12:58,3.500,L
2025-07-28 20:30,11.858,H
2025-07-29 02:18,7.083,L
2025-07-29 07:38,9.260,H
2025-07-29 13:36,4.766,L
2025-07-29 20:51,11.725,H
2025-07-30 03:09,6.275,L
2025-07-30 08:50,8.792,H
2025-07-30 14:14,6.137,L
2025-07-30 21:13,11.574,H
2025-07-31 03:58,5.510,L
2025-07-31 10:26,8.579,H
2025-07-31 14:54,7.510,L
2025-07-31 21:34,11.400,H
2025-08-01 04:46,4.829,L
2025-08-01 13:18,8.974,H
2025-08-01 15:43,8.770,L
2025-08-01 21:58,11.208,H
2025-08-02 05:35,4.244,L
2025-08-02 15:07,9.902,H
2025-08-02 17:02,9.782,L
2025-08-02 22:25,11.017,H
2025-08-03 06:24,3.734,L
2025-08-03 16:00,10.700,H
2025-08-03 18:51,10.370,L
2025-08-03 22:57,10.856,H
2025-08-04 07:12,3.261,L
2025-08-04 16:37,11.245,H
2025-08-04 20:35,10.535,L
2025-08-04 23:41,10.754,H
2025-08-05 07:59,2.793,L
2025-08-05 17:09,11.557,H
2025-08-05 21:31,10.493,L
2025-08-06 00:39,10.738,H
2025-08-06 08:43,2.329,L
2025-08-06 17:36,11.696,H
2025-08-06 21:53,10.342,L
2025-08-07 01:40,10.803,H
2025-08-07 09:25,1.916,L
2025-08-07 18:00,11.738,H
2025-08-07 22:15,10.047,L
2025-08-08 02:39,10.888,H
2025-08-08 10:04,1.639,L
2025-08-08 18:21,11.755,H
2025-08-08 22:44,9.571,L
2025-08-09 03:34,10.906,H
2025-08-09 10:43,1.604,L
2025-08-09 18:40,11.793,H
2025-08-09 23:20,8.896,L
2025-08-10 04:31,10.796,H
2025-08-10 11:20,1.909,L
2025-08-10 19:01,11.866,H
2025-08-11 00:01,8.019,L
2025-08-11 05:30,10.544,H
2025-08-11 11:58,2.608,L
2025-08-11 19:24,11.958,H
2025-08-12 00:47,6.975,L
2025-08-12 06:34,10.188,H
2025-08-12 12:37,3.690,L
2025-08-12 19:48,12.043,H
2025-08-13 01:36,5.840,L
2025-08-13 07:43,9.808,H
2025-08-13 13:17,5.068,L
2025-08-13 20:15,12.093,H
2025-08-14 02:27,4.728,L
2025-08-14 09:02,9.509,H
2025-08-14 13:59,6.594,L
2025-08-14 20:42,12.086,H
2025-08-15 03:22,3.752,L
2025-08-15 10:39,9.447,H
2025-08-15 14:46,8.091,L
2025-08-15 21:12,12.007,H
2025-08-16 04:20,2.989,L
2025-08-16 12:49,9.870,H
2025-08-16 15:47,9.376,L
2025-08-16 21:46,11.848,H
2025-08-17 05:22,2.447,L
2025-08-17 14:32,10.679,H
2025-08-17 17:14,10.245,L
2025-08-17 22:28,11.617,H
2025-08-18 06:26,2.086,L
2025-08-18 15:31,11.356,H
2025-08-18 18:53,10.526,L
2025-08-18 23:27,11.350,H
2025-08-19 07:28,1.861,L
2025-08-19 16:15,11.765,H
2025-08-19 20:18,10.304,L
2025-08-20 00:41,11.129,H
2025-08-20 08:25,1.770,L
2025-08-20 16:52,11.940,H
2025-08-20 21:17,9.804,L
2025-08-21 01:56,11.002,H
2025-08-21 09:16,1.846,L
2025-08-21 17:25,11.954,H
2025-08-21 22:01,9.164,L
2025-08-22 03:03,10.910,H
2025-08-22 10:00,2.127,L
2025-08-22 17:54,11.878,H
2025-08-22 22:41,8.443,L
2025-08-23 04:03,10.770,H
2025-08-23 10:40,2.639,L
2025-08-23 18:19,11.766,H
2025-08-23 23:20,7.675,L
2025-08-24 04:58,10.554,H
2025-08-24 11:17,3.382,L
2025-08-24 18:41,11.652,H
2025-08-24 23:59,6.892,L
2025-08-25 05:52,10.288,H
2025-08-25 11:53,4.329,L
2025-08-25 19:00,11.549,H
2025-08-26 00:39,6.132,L
2025-08-26 06:48,10.025,H
2025-08-26 12:29,5.431,L
2025-08-26 19:18,11.447,H
2025-08-27 01:18,5.446,L
2025-08-27 07:47,9.813,H
2025-08-27 13:06,6.610,L
2025-08-27 19:37,11.322,H
2025-08-28 01:59,4.882,L
2025-08-28 08:54,9.682,H
2025-08-28 13:45,7.777,L
2025-08-28 19:59,11.151,H
2025-08-29 02:42,4.475,L
2025-08-29 10:20,9.676,H
2025-08-29 14:31,8.839,L
2025-08-29 20:22,10.934,H
2025-08-30 03:29,4.221,L
2025-08-30 12:44,9.969,H
2025-08-30 15:36,9.706,L
2025-08-30 20:47,10.695,H
2025-08-31 04:23,4.066,L
2025-08-31 14:24,10.537,H
2025-08-31 17:34,10.234,L
2025-08-31 21:15,10.468,H
2025-09-01 05:22,3.910,L
2025-09-01 15:16,10.998,H
2025-09-02 06:24,3.662,L
2025-09-02 15:52,11.284,H
2025-09-03 07:22,3.310,L
2025-09-03 16:20,11.421,H
2025-09-03 21:20,9.853,L
2025-09-04 00:34,10.226,H
2025-09-04 08:13,2.943,L
2025-09-04 16:41,11.467,H
2025-09-04 21:24,9.440,L
2025-09-05 01:45,10.399,H
2025-09-05 08:57,2.693,L
2025-09-05 16:59,11.489,H
2025-09-05 21:43,8.779,L
2025-09-06 02:49,10.604,H
2025-09-06 09:37,2.691,L
2025-09-06 17:15,11.541,H
2025-09-06 22:13,7.868,L
2025-09-07 03:49,10.766,H
2025-09-07 10:15,3.031,L
2025-09-07 17:33,11.642,H
2025-09-07 22:48,6.756,L
2025-09-08 04:49,10.852,H
2025-09-08 10:54,3.746,L
2025-09-08 17:54,11.775,H
2025-09-08 23:28,5.539,L
2025-09-09 05:51,10.867,H
2025-09-09 11:33,4.796,L
2025-09-09 18:18,11.900,H
2025-09-10 00:11,4.353,L
2025-09-10 06:56,10.830,H
2025-09-10 12:14,6.070,L
2025-09-10 18:43,11.978,H
2025-09-11 00:57,3.349,L
2025-09-11 08:05,10.768,H
2025-09-11 12:57,7.414,L
2025-09-11 19:11,11.968,H
2025-09-12 01:47,2.651,L
2025-09-12 09:24,10.723,H
2025-09-12 13:46,8.669,L
2025-09-12 19:42,11.840,H
2025-09-13 02:41,2.319,L
2025-09-13 10:58,10.792,H
2025-09-13 14:47,9.685,L
2025-09-13 20:17,11.580,H
2025-09-14 03:42,2.311,L
2025-09-14 12:42,11.088,H
2025-09-14 16:13,10.310,L
2025-09-14 21:01,11.192,H
2025-09-15 04:49,2.501,L
2025-09-15 14:00,11.466,H
2025-09-15 18:20,10.341,L
2025-09-15 22:05,10.731,H
2025-09-16 06:01,2.735,L
2025-09-16 14:53,11.727,H
2025-09-16 20:05,9.823,L
2025-09-16 23:34,10.341,H
2025-09-17 07:11,2.950,L
2025-09-17 15:34,11.840,H
2025-09-17 20:54,9.108,L
2025-09-18 01:07,10.184,H
2025-09-18 08:10,3.205,L
2025-09-18 16:08,11.835,H
2025-09-18 21:27,8.309,L
2025-09-19 02:28,10.227,H
2025-09-19 08:59,3.591,L
2025-09-19 16:36,11.751,H
2025-09-19 21:57,7.461,L
2025-09-20 03:34,10.334,H
2025-09-20 09:40,4.153,L
2025-09-20 16:58,11.627,H
2025-09-20 22:25,6.594,L
2025-09-21 04:31,10.430,H
2025-09-21 10:16,4.889,L
2025-09-21 17:16,11.501,H
2025-09-21 22:54,5.743,L
2025-09-22 05:24,10.516,H
2025-09-22 10:51,5.760,L
2025-09-22 17:31,11.397,H
2025-09-22 23:24,4.958,L
2025-09-23 06:15,10.609,H
2025-09-23 11:27,6.708,L
2025-09-23 17:46,11.308,H
2025-09-23 23:56,4.294,L
2025-09-24 07:06,10.713,H
2025-09-24 12:04,7.667,L
2025-09-24 18:03,11.198,H
2025-09-25 00:29,3.807,L
2025-09-25 08:00,10.806,H
2025-09-25 12:45,8.565,L
2025-09-25 18:23,11.034,H
2025-09-26 01:05,3.531,L
2025-09-26 08:58,10.861,H
2025-09-26 13:32,9.343,L
2025-09-26 18:44,10.812,H
2025-09-27 01:45,3.465,L
2025-09-27 10:10,10.880,H
2025-09-27 14:32,9.951,L
2025-09-27 19:03,10.556,H
2025-09-28 02:30,3.566,L
2025-09-28 11:47,10.945,H
2025-09-29 03:23,3.748,L
2025-09-29 13:17,11.125,H
2025-09-30 04:26,3.895,L
2025-09-30 14:12,11.300,H
2025-10-01 05:33,3.923,L
2025-10-01 14:46,11.403,H
2025-10-02 06:36,3.861,L
2025-10-02 15:10,11.447,H
2025-10-02 20:50,8.952,L
2025-10-03 00:31,9.599,H
2025-10-03 07:31,3.851,L
2025-10-03 15:27,11.482,H
2025-10-03 20:53,8.129,L
2025-10-04 01:52,9.869,H
2025-10-04 08:18,4.040,L
2025-10-04 15:43,11.555,H
2025-10-04 21:14,6.992,L
2025-10-05 03:02,10.274,H
2025-10-05 09:01,4.517,L
2025-10-05 16:01,11.686,H
2025-10-05 21:44,5.635,L
2025-10-06 04:08,10.737,H
2025-10-06 09:43,5.294,L
2025-10-06 16:22,11.856,H
2025-10-06 22:19,4.206,L
2025-10-07 05:10,11.192,H
2025-10-07 10:25,6.308,L
2025-10-07 16:45,12.023,H
2025-10-07 22:59,2.892,L
2025-10-08 06:13,11.580,H
2025-10-08 11:08,7.440,L
2025-10-08 17:10,12.134,H
2025-10-08 23:41,1.875,L
2025-10-09 07:16,11.851,H
2025-10-09 11:55,8.547,L
2025-10-09 17:39,12.134,H
2025-10-10 00:26,1.288,L
2025-10-10 08:23,11.979,H
2025-10-10 12:46,9.498,L
2025-10-10 18:10,11.980,H
2025-10-11 01:15,1.181,L
2025-10-11 09:35,11.991,H
2025-10-11 13:46,10.190,L
2025-10-11 18:45,11.644,H
2025-10-12 02:09,1.507,L
2025-10-12 10:54,11.966,H
2025-10-12 15:09,10.524,L
2025-10-12 19:28,11.126,H
2025-10-13 03:10,2.132,L
2025-10-13 12:11,11.979,H
2025-10-13 17:51,10.304,L
2025-10-13 20:31,10.464,H
2025-10-14 04:18,2.878,L
2025-10-14 13:14,12.011,H
2025-10-14 19:29,9.524,L
2025-10-14 22:04,9.798,H
2025-10-15 05:31,3.597,L
2025-10-15 14:02,12.016,H
2025-10-15 20:14,8.599,L
2025-10-15 23:53,9.387,H
2025-10-16 06:40,4.259,L
2025-10-16 14:40,11.972,H
2025-10-16 20:48,7.620,L
2025-10-17 01:40,9.411,H
2025-10-17 07:39,4.935,L
2025-10-17 15:11,11.876,H
2025-10-17 21:15,6.636,L
2025-10-18 03:02,9.738,H
2025-10-18 08:28,5.688,L
2025-10-18 15:34,11.743,H
2025-10-18 21:38,5.680,L
2025-10-19 04:07,10.168,H
2025-10-19 09:10,6.520,L
2025-10-19 15:50,11.607,H
2025-10-19 22:01,4.779,L
2025-10-20 05:02,10.614,H
2025-10-20 09:49,7.389,L
2025-10-20 16:03,11.499,H
2025-10-20 22:24,3.971,L
2025-10-21 05:52,11.038,H
2025-10-21 10:27,8.232,L
2025-10-21 16:16,11.418,H
2025-10-21 22:50,3.305,L
2025-10-22 06:39,11.410,H
2025-10-22 11:07,8.993,L
2025-10-22 16:32,11.326,H
2025-10-22 23:19,2.829,L
2025-10-23 07:24,11.694,H
2025-10-23 11:50,9.630,L
2025-10-23 16:49,11.187,H
2025-10-23 23:51,2.571,L
2025-10-24 08:09,11.860,H
2025-10-24 12:38,10.121,L
2025-10-24 17:07,10.991,H
2025-10-25 00:26,2.528,L
2025-10-25 08:59,11.902,H
2025-10-25 13:36,10.459,L
2025-10-25 17:14,10.761,H
2025-10-26 01:05,2.668,L
2025-10-26 09:54,11.854,H
2025-10-27 01:50,2.938,L
2025-10-27 10:57,11.782,H
2025-10-28 02:40,3.281,L
2025-10-28 11:59,11.745,H
2025-10-29 03:38,3.657,L
2025-10-29 12:46,11.740,H
2025-10-30 04:40,4.058,L
2025-10-30 13:19,11.747,H
2025-10-30 20:24,8.728,L
2025-10-30 22:45,8.921,H
2025-10-31 05:41,4.525,L
2025-10-31 13:42,11.776,H
2025-10-31 20:06,7.802,L
2025-11-01 00:33,8.965,H
2025-11-01 06:39,5.127,L
2025-11-01 14:03,11.852,H
2025-11-01 20:17,6.508,L
2025-11-02 01:07,9.436,H
2025-11-02 06:32,5.908,L
2025-11-02 13:25,11.988,H
2025-11-02 19:43,4.974,L
2025-11-03 02:26,10.205,H
2025-11-03 07:22,6.850,L
2025-11-03 13:47,12.174,H
2025-11-03 20:16,3.382,L
2025-11-04 03:33,11.073,H
2025-11-04 08:10,7.876,L
2025-11-04 14:12,12.370,H
2025-11-04 20:53,1.940,L
2025-11-05 04:34,11.869,H
2025-11-05 08:59,8.875,L
2025-11-05 14:38,12.518,H
2025-11-05 21:33,0.844,L
2025-11-06 05:32,12.472,H
2025-11-06 09:49,9.737,L
2025-11-06 15:08,12.550,H
2025-11-06 22:16,0.227,L
2025-11-07 06:30,12.821,H
2025-11-07 10:42,10.378,L
2025-11-07 15:41,12.407,H
2025-11-07 23:03,0.136,L
2025-11-08 07:29,12.924,H
2025-11-08 11:41,10.750,L
2025-11-08 16:19,12.051,H
2025-11-08 23:53,0.525,L
2025-11-09 08:29,12.849,H
2025-11-09 12:54,10.821,L
2025-11-09 17:05,11.474,H
2025-11-10 00:46,1.284,L
2025-11-10 09:30,12.694,H
2025-11-10 14:49,10.502,L
2025-11-10 18:04,10.700,H
2025-11-11 01:43,2.282,L
2025-11-11 10:28,12.536,H
2025-11-11 17:10,9.639,L
2025-11-11 19:25,9.818,H
2025-11-12 02:45,3.397,L
2025-11-12 11:18,12.402,H
2025-11-12 18:07,8.556,L
2025-11-12 21:07,9.028,H
2025-11-13 03:49,4.545,L
2025-11-13 12:00,12.278,H
2025-11-13 18:48,7.408,L
2025-11-13 23:13,8.676,H
2025-11-14 04:52,5.683,L
2025-11-14 12:34,12.142,H
2025-11-14 19:21,6.275,L
2025-11-15 01:13,9.031,H
2025-11-15 05:52,6.790,L
2025-11-15 13:00,11.990,H
2025-11-15 19:47,5.221,L
2025-11-16 02:35,9.772,H
2025-11-16 06:47,7.838,L
2025-11-16 13:18,11.843,H
2025-11-16 20:09,4.279,L
2025-11-17 03:37,10.580,H
2025-11-17 07:38,8.783,L
2025-11-17 13:33,11.727,H
2025-11-17 20:30,3.470,L
2025-11-18 04:28,11.311,H
2025-11-18 08:27,9.576,L
2025-11-18 13:47,11.645,H
2025-11-18 20:54,2.814,L
2025-11-19 05:12,11.890,H
2025-11-19 09:14,10.184,L
2025-11-19 14:04,11.569,H
2025-11-19 21:20,2.333,L
2025-11-20 05:53,12.287,H
2025-11-20 10:01,10.604,L
2025-11-20 14:22,11.467,H
2025-11-20 21:50,2.038,L
2025-11-21 06:31,12.508,H
2025-11-21 10:49,10.855,L
2025-11-21 14:41,11.324,H
2025-11-21 22:23,1.922,L
2025-11-22 07:09,12.581,H
2025-11-22 11:42,10.972,L
2025-11-22 14:47,11.145,H
2025-11-22 23:00,1.961,L
2025-11-23 07:48,12.555,H
2025-11-23 23:40,2.131,L
2025-11-24 08:30,12.481,H
2025-11-25 00:23,2.430,L
2025-11-25 09:11,12.399,H
2025-11-26 01:09,2.880,L
2025-11-26 09:49,12.334,H
2025-11-27 01:57,3.522,L
2025-11-27 10:23,12.291,H
2025-11-28 02:48,4.390,L
2025-11-28 10:52,12.279,H
2025-11-28 18:01,7.819,L
2025-11-28 21:47,8.458,H
2025-11-29 03:44,5.474,L
2025-11-29 11:19,12.309,H
2025-11-29 18:10,6.438,L
2025-11-29 23:47,8.638,H
2025-11-30 04:43,6.704,L
2025-11-30 11:44,12.395,H
2025-11-30 18:37,4.845,L
2025-12-01 01:39,9.493,H
2025-12-01 05:43,7.961,L
2025-12-01 12:11,12.537,H
2025-12-01 19:11,3.213,L
2025-12-02 02:58,10.652,H
2025-12-02 06:44,9.112,L
2025-12-02 12:38,12.707,H
2025-12-02 19:49,1.737,L
2025-12-03 03:59,11.745,H
2025-12-03 07:42,10.047,L
2025-12-03 13:09,12.853,H
2025-12-03 20:30,0.592,L
2025-12-04 04:52,12.585,H
2025-12-04 08:39,10.704,L
2025-12-04 13:43,12.907,H
2025-12-04 21:14,-0.103,L
2025-12-05 05:42,13.103,H
2025-12-05 09:35,11.065,L
2025-12-05 14:22,12.804,H
2025-12-05 21:59,-0.308,L
2025-12-06 06:31,13.318,H
2025-12-06 10:33,11.151,L
2025-12-06 15:08,12.498,H
2025-12-06 22:47,-0.051,L
2025-12-07 07:19,13.309,H
2025-12-07 11:36,10.987,L
2025-12-07 16:01,11.969,H
2025-12-07 23:36,0.598,L
2025-12-08 08:06,13.171,H
2025-12-08 12:52,10.578,L
2025-12-08 17:00,11.227,H
2025-12-09 00:26,1.555,L
2025-12-09 08:52,12.986,H
2025-12-09 14:33,9.870,L
2025-12-09 18:08,10.322,H
2025-12-10 01:16,2.751,L
2025-12-10 09:34,12.795,H
2025-12-10 16:12,8.842,L
2025-12-10 19:27,9.365,H
2025-12-11 02:07,4.122,L
2025-12-11 10:12,12.609,H
2025-12-11 17:14,7.661,L
2025-12-11 21:07,8.582,H
2025-12-12 02:58,5.597,L
2025-12-12 10:45,12.420,H
2025-12-12 17:59,6.470,L
2025-12-12 23:34,8.431,H
2025-12-13 03:54,7.085,L
2025-12-13 11:12,12.227,H
2025-12-13 18:35,5.362,L
2025-12-14 01:43,9.225,H
2025-12-14 04:56,8.464,L
2025-12-14 11:34,12.045,H
2025-12-14 19:04,4.394,L
2025-12-15 03:00,10.312,H
2025-12-15 06:05,9.608,L
2025-12-15 11:54,11.893,H
2025-12-15 19:31,3.589,L
2025-12-16 03:54,11.294,H
2025-12-16 07:15,10.430,L
2025-12-16 12:14,11.777,H
2025-12-16 19:57,2.948,L
2025-12-17 04:37,12.034,H
2025-12-17 08:22,10.932,L
2025-12-17 12:37,11.685,H
2025-12-17 20:25,2.460,L
2025-12-18 05:15,12.507,H
2025-12-18 09:21,11.177,L
2025-12-18 13:04,11.601,H
2025-12-18 20:56,2.108,L
2025-12-19 05:49,12.749,H
2025-12-19 10:11,11.250,L
2025-12-19 13:33,11.510,H
2025-12-19 21:30,1.876,L
2025-12-20 06:21,12.829,H
2025-12-20 10:53,11.213,L
2025-12-20 14:06,11.393,H
2025-12-20 22:06,1.752,L
2025-12-21 06:52,12.820,H
2025-12-21 11:33,11.089,L
2025-12-21 14:38,11.222,H
2025-12-21 22:43,1.748,L
2025-12-22 07:22,12.784,H
2025-12-22 12:18,10.866,L
2025-12-22 15:10,10.959,H
2025-12-22 23:22,1.904,L
2025-12-23 07:51,12.750,H
2025-12-23 13:11,10.493,L
2025-12-23 15:53,10.556,H
2025-12-24 00:02,2.286,L
2025-12-24 08:19,12.728,H
2025-12-24 14:11,9.898,L
2025-12-24 17:10,9.987,H
2025-12-25 00:41,2.960,L
2025-12-25 08:47,12.710,H
2025-12-25 15:05,9.029,L
2025-12-25 18:38,9.313,H
2025-12-26 01:22,3.963,L
2025-12-26 09:14,12.693,H
2025-12-26 15:50,7.882,L
2025-12-26 20:12,8.707,H
2025-12-27 02:04,5.272,L
2025-12-27 09:40,12.686,H
2025-12-27 16:31,6.507,L
2025-12-27 22:02,8.458,H
2025-12-28 02:51,6.791,L
2025-12-28 10:07,12.702,H
2025-12-28 17:14,5.002,L
2025-12-29 00:26,8.966,H
2025-12-29 03:49,8.352,L
2025-12-29 10:34,12.750,H
2025-12-29 17:57,3.504,L
2025-12-30 02:21,10.190,H
2025-12-30 05:01,9.727,L
2025-12-30 11:05,12.824,H
2025-12-30 18:41,2.158,L
2025-12-31 03:24,11.408,H
2025-12-31 06:16,10.713,L
2025-12-31 11:40,12.890,H
2025-12-31 19:24,1.105,L
